person_id,club_id
104246,4
102767,2
101333,2
100503,4
105757,3
106268,2
101500,4
104834,3
105981,1
100822,1
102139,3
108059,3
105253,4
108906,4
108941,3
100387,1
109919,3
106899,1
106100,3
100035,4
102005,1
102282,3
100096,3
103163,3
105287,3
108716,3
105393,2
109576,4
100784,4
107196,3
102142,1
101166,4
106255,3
109901,3
103202,3
100338,4
107544,3
108574,3
101679,2
103228,4
108510,3
101006,2
103358,3
109043,2
101928,3
101789,2
100089,3
100272,2
107905,4
102840,3
107207,2
104855,4
107683,3
104923,3
104733,4
102185,3
100862,2
101722,1
109352,3
105842,2
101383,2
107923,2
105476,3
105426,4
106385,2
101864,4
106514,3
107631,2
102658,3
101791,3
106950,3
109063,1
107408,1
106096,2
102670,1
107988,2
101036,3
106761,4
106424,1
104020,2
105424,4
106536,4
109847,3
104256,4
104579,3
104026,3
101655,3
104461,2
100650,4
103168,1
109275,1
103019,1
106861,1
104703,1
105764,1
101980,1
109190,2
105716,4
108809,4
103040,3
107997,2
104470,4
104787,1
103296,1
103869,4
103049,3
106567,4
102849,3
100555,3
104016,4
108874,4
108755,2
107680,2
101387,4
101879,1
105785,4
106223,1
106584,2
107720,3
107655,2
108598,1
106288,2
100346,1
108760,3
105968,2
105127,2
107801,2
101304,3
100382,2
104490,1
101663,4
107127,1
108108,3
105699,4
102697,3
100617,1
109671,2
101001,1
102880,1
107016,4
105723,1
102138,3
104551,2
109298,4
103348,4
102601,2
104577,3
102191,4
109802,1
101693,2
104837,4
109436,1
106485,1
109769,1
103726,3
103295,4
109700,4
100318,4
102749,4
102603,1
106176,1
101773,4
108197,3
105278,1
106637,3
107217,3
106080,1
104097,4
108665,2
104410,3
109473,2
108335,4
108293,2
109356,2
106102,1
108731,4
106595,2
101305,2
108567,3
107298,4
104456,2
108949,1
100913,3
107570,2
101930,3
101956,1
109726,4
101522,2
103773,4
104928,2
104525,1
103736,2
103805,3
102979,1
107152,1
104809,4
101675,3
100802,4
105058,1
102565,2
108533,4
105733,2
105529,3
102657,4
106308,4
101604,3
100521,4
104349,3
103003,1
103108,3
105510,2
109619,2
106897,3
101619,4
108561,3
105298,1
102987,2
109050,3
100472,3
100587,3
107758,1
100396,2
104449,2
102853,1
100303,1
108154,2
106252,2
107089,1
107167,2
108968,2
106070,3
103112,3
106634,1
105619,2
104649,2
104398,4
103995,2
105990,3
101598,2
108548,3
101199,4
100201,4
105026,4
102056,4
102193,1
104685,3
106283,2
104361,3
100827,2
106319,3
100034,3
108164,2
105272,3
106836,1
102753,3
109796,4
100612,2
109290,4
106881,4
100876,1
109554,1
102342,1
105256,3
107937,2
108221,1
104565,2
104468,2
100181,4
105914,3
102653,1
104518,3
100187,3
104421,2
105128,4
109520,4
101217,1
101231,3
108732,4
102701,3
106934,1
105052,4
107400,1
106427,4
108402,4
103875,3
101165,1
101562,1
108800,1
104901,2
107842,1
104563,3
109992,2
103263,2
101255,3
100550,2
102085,1
103447,2
104738,2
100309,2
109652,2
105371,4
104798,4
105778,4
108267,2
107468,1
108462,2
109572,2
105586,1
101884,3
101966,3
100557,1
101503,4
102022,4
102633,4
106159,2
107650,3
105570,4
101270,3
100360,4
104392,2
109789,3
100399,1
108490,4
106282,1
109837,2
100074,3
106439,3
103616,1
101918,1
103681,3
102688,3
105944,3
104713,1
109469,1
104353,2
107335,1
106940,4
107469,3
108198,4
109115,1
101065,4
107639,4
107646,4
107252,1
104159,4
105873,3
106002,4
104890,3
107420,2
104984,4
103450,4
102328,1
103375,4
100700,1
106299,1
101888,4
105877,3
104323,4
107903,3
100017,3
109041,4
101733,2
106765,1
101827,3
107276,3
107352,3
102549,1
102720,1
105815,4
107533,2
109183,3
100585,2
105761,4
107197,2
102707,3
104065,2
100833,2
101867,2
100865,4
100561,2
108641,3
100499,1
100501,3
109778,3
100945,4
108924,4
109482,4
104315,2
108282,4
108901,3
102788,2
103796,4
105722,2
108728,3
103239,3
105718,4
103033,4
102225,4
109113,1
103116,3
103213,3
106871,3
105179,4
107289,1
105758,1
102620,1
107131,2
106085,2
105497,2
105889,1
103941,1
107523,4
106419,3
109391,2
102940,4
100208,3
109274,1
103340,4
104377,2
109026,3
102718,4
104365,1
108645,4
108114,4
102561,4
100947,2
108862,3
109471,2
105774,1
103027,3
100350,4
105161,4
108622,3
109032,1
101352,2
107821,1
100782,1
101254,3
108376,2
105190,3
100294,4
102772,1
106260,3
108816,4
105681,1
105372,4
104120,4
100033,3
106736,3
100138,1
108868,3
107907,3
103782,3
105958,4
109029,2
105771,3
101771,2
100608,3
108483,3
109681,4
103421,3
103290,2
107045,1
101478,3
102186,4
106049,1
105270,1
105949,1
101356,2
104657,3
106231,3
100549,2
109263,2
106022,3
104670,1
107807,2
105880,1
100020,3
107067,3
105158,3
103289,4
107761,1
100016,1
106839,2
102649,2
102915,3
103662,2
104718,3
100598,4
104348,1
100429,4
100978,2
102148,2
107098,1
102111,4
100719,2
108502,3
109044,2
107839,1
103801,2
107137,4
108739,2
102083,1
106856,4
106700,3
101318,3
105188,4
103449,1
105970,2
101003,3
109254,4
108096,3
105045,3
101031,2
106091,2
108476,3
104516,3
107834,1
102344,4
101373,2
102481,2
105081,3
102831,4
106874,3
106343,4
100306,3
104294,3
109648,3
104131,2
107381,1
106406,3
108855,1
108047,4
104316,4
101437,1
105362,4
104464,2
101628,3
102441,4
108873,3
100316,4
100238,1
104304,2
103234,1
108400,2
100716,2
109512,1
103928,1
109397,1
103084,1
100954,2
108700,1
108963,4
102296,1
105776,4
103235,3
107953,3
106095,4
102921,2
106369,2
101587,4
107078,1
100257,2
107777,3
106772,2
102031,1
103808,4
105234,2
104477,2
109815,1
109997,1
102681,2
101971,3
107770,2
107250,1
102492,3
108920,1
107971,2
108794,3
105551,1
101711,1
109563,4
105219,3
104391,2
109327,4
101028,4
103890,1
105897,1
107714,1
101027,4
103881,1
106238,1
106812,2
103070,2
108339,3
106036,1
103199,1
107460,2
107480,4
100884,4
101216,4
105432,2
105824,2
109532,3
101988,2
101248,3
107221,3
104481,3
108436,1
103285,2
100185,4
108579,2
104864,3
109509,3
107957,1
108009,2
107676,1
105655,4
104132,3
105671,4
102061,2
106999,1
109381,3
102264,3
108815,2
103957,3
109027,3
100345,3
103470,1
109890,2
106438,1
102049,1
100861,2
104914,4
109279,1
108787,1
105688,1
102212,4
108251,3
100679,3
103335,4
108662,4
106652,4
106501,3
103111,4
108285,1
101073,1
109155,3
102107,1
104299,4
101510,2
107299,2
100618,4
107178,4
101508,3
103378,1
103113,2
105418,4
102200,1
103589,2
103337,4
103130,4
103503,4
103349,1
106072,4
101769,4
101299,1
109609,4
107669,4
103036,2
102370,1
100438,2
106185,1
105033,2
100622,1
100191,1
108350,1
104631,1
104555,2
100071,1
103178,2
100243,3
108540,4
105204,1
104896,2
100184,4
104244,4
107733,1
103624,1
109923,3
106029,1
102935,2
102276,4
105032,4
102044,4
102910,4
101730,4
100789,1
108960,2
105995,4
106497,3
104859,1
102414,1
105462,4
104651,4
102128,4
100440,1
103694,3
102357,3
108272,2
109126,2
106658,4
109434,1
109819,3
106394,2
106432,3
103006,4
101039,2
102037,3
108834,1
100979,4
105694,2
108799,2
108961,3
102384,3
105119,3
108137,3
103209,4
108663,3
107379,2
100911,3
109791,4
107190,2
100199,4
107886,2
103608,1
103030,3
100530,4
100394,4
100726,2
109691,3
107810,1
103921,2
100616,2
105054,4
102345,2
107261,2
108513,4
109260,2
101823,2
105713,4
109591,3
104261,3
101189,1
107942,4
100850,2
100372,3
100053,4
106227,2
103139,4
104542,4
108067,2
105252,3
104472,1
102598,4
106959,4
105050,2
104259,3
107010,1
107334,4
108612,2
107363,2
101049,4
105226,3
105210,4
102097,1
101147,4
102778,4
106482,1
108046,2
105908,3
109417,2
109366,4
106212,2
101932,1
100082,4
102267,3
102001,2
107746,4
100021,3
100850,1
100786,2
107863,4
104434,3
104098,2
105540,1
103276,4
100682,4
109966,3
101344,4
105090,2
105206,1
101135,3
107427,1
100313,4
106681,1
102551,1
106786,1
105304,2
107497,4
106225,3
108527,3
102523,2
109668,2
103854,1
107764,1
107022,1
105535,1
101167,1
101696,1
100006,4
104847,1
104731,1
103114,1
102228,2
102695,3
109024,1
106576,3
108610,3
100658,1
102713,2
106752,2
102875,3
102959,1
108145,2
100009,4
106131,4
105163,2
101047,1
101724,4
106020,2
106058,4
100666,3
107860,3
109028,4
109514,1
103054,4
104961,2
108195,3
102562,4
104029,2
108203,1
103172,2
100955,4
100070,1
109597,2
105630,4
101921,4
106689,2
105605,2
104857,2
103460,3
107179,2
108460,3
104506,4
109023,2
109505,1
105732,3
107776,4
100635,2
107208,3
105479,2
106778,2
106407,1
108788,2
108687,1
102968,3
101901,4
107672,1
100253,4
103115,3
106421,3
101863,2
100592,1
103121,1
102744,2
102874,2
103762,1
103190,2
107963,3
100390,4
104823,4
108927,3
100974,3
107476,2
109480,1
107350,1
104588,1
105794,1
106577,2
102304,3
106441,2
105793,2
107930,3
101453,2
100011,1
109138,4
108351,4
108726,1
102691,3
107941,2
100259,3
103696,1
104121,2
101526,1
104630,3
100741,4
107679,1
108377,2
105183,2
101276,2
105917,4
108070,1
102926,3
105740,1
107362,1
108191,1
106292,2
103755,3
108615,2
102297,4
109452,1
109302,3
104926,3
100697,1
105453,4
109575,2
102524,2
107028,1
104075,4
109711,4
107411,3
105061,1
108020,4
109040,1
103354,3
103380,2
100359,1
101267,1
102038,4
102348,3
104339,2
107058,4
104010,3
100565,1
108866,4
106718,3
107409,4
103502,2
102676,2
104459,1
105735,4
108482,4
102954,4
101364,4
104222,2
108630,2
100781,2
107498,4
101201,3
105217,1
109239,4
109039,1
106991,4
107443,3
100321,2
103212,4
105501,2
105404,3
104340,2
100705,1
105178,3
102483,2
109507,3
109378,3
104549,4
101998,2
109491,1
101760,2
108611,4
106824,1
100176,3
109057,1
102859,1
109288,3
102809,4
109658,1
107388,1
107701,4
107464,4
106729,1
106958,2
105690,1
100127,2
103815,3
105756,3
107579,1
108100,3
108397,2
108511,3
102372,3
107389,1
107359,2
101466,2
103603,2
108515,2
109948,1
104792,1
105189,1
102119,4
101044,3
104166,2
103425,2
100570,1
108410,1
109030,1
109946,2
106516,3
101072,4
100926,4
109831,3
101691,2
107906,1
106118,3
109595,4
101893,4
100183,1
107080,3
108092,2
101743,3
101535,2
107656,3
104059,4
105918,3
102116,4
108058,2
104092,4
108194,2
107928,2
107689,3
103413,3
104772,2
100193,4
109660,1
105675,3
107880,3
105170,2
107645,1
106370,1
109076,2
101784,1
103260,4
100723,4
101348,1
109296,4
108299,3
109777,1
104268,4
108997,2
100293,3
105649,1
101544,3
100383,4
107373,3
102033,3
105543,1
108208,2
102164,2
109816,2
106918,1
104756,2
102856,2
101603,4
107188,4
101902,3
106133,1
107809,4
106181,4
102332,2
108326,1
107455,1
101850,4
109011,1
106237,2
107796,4
107613,2
102113,1
106568,4
100875,1
103653,3
109293,2
106571,3
102150,3
107245,1
100711,3
101122,3
104287,1
100407,4
108609,1
106863,2
106938,2
104796,3
106710,2
106082,2
109803,4
102625,4
101238,2
100471,4
101328,2
105104,2
108724,3
100103,2
109821,3
106694,3
109363,3
104653,1
103429,2
108276,2
103488,3
106523,3
104922,2
103706,4
104705,4
100058,4
102172,4
108651,2
106475,3
108907,2
102757,3
107488,2
108717,4
102457,2
102680,2
106968,2
101422,4
107580,3
104360,1
109308,1
106783,4
102237,3
103916,4
100161,4
109311,1
107730,4
101159,2
105894,2
103577,1
106247,2
101326,3
107500,1
108270,4
105959,2
108880,3
105866,3
103321,2
102203,3
101748,4
105697,4
108677,3
106008,3
109559,4
104771,2
109573,4
109427,4
105997,4
107254,2
101455,2
105954,1
102376,2
100953,4
100785,4
104719,2
100747,4
105208,2
101448,4
105821,4
105445,3
103383,2
104604,3
100122,2
104803,2
106335,1
105357,1
107002,2
100986,2
109930,2
108730,2
108387,4
109258,1
104593,4
105042,3
103780,1
104199,2
103318,1
107246,4
108993,2
102946,3
106098,3
106332,2
104977,1
107608,2
109315,3
108354,2
102892,1
103744,3
102884,2
107900,2
109214,2
101883,3
102837,3
104405,4
102012,1
104086,3
109696,3
103096,1
109898,1
104848,3
102888,3
101174,3
106816,1
100688,4
100051,4
104677,1
102839,1
109422,3
104537,1
107522,3
101061,2
100040,2
106199,1
109160,2
104826,3
104930,3
102490,4
108576,2
106895,1
105089,4
107070,3
100907,2
106707,1
106203,4
106628,2
102789,4
101291,4
108213,2
104758,3
105281,1
101912,4
107864,2
100365,1
101173,2
103248,3
106443,4
108769,1
103312,2
105047,1
106184,4
104177,2
106379,4
107958,2
103098,3
107658,1
106013,3
103085,3
100532,2
105964,4
101279,1
108989,3
108452,2
106429,3
104781,1
107104,1
105705,3
109630,1
103860,3
104609,4
102750,3
105141,2
108508,1
105986,4
108922,1
107691,3
105615,4
101013,1
103907,2
102501,2
102416,1
105420,4
102300,4
102201,1
104160,2
100075,1
109950,4
103925,4
106052,4
105328,4
107383,3
109244,2
105102,3
102740,4
109389,1
108934,4
102182,1
103858,2
100145,1
106444,2
103304,4
102080,3
101865,1
101250,3
104061,4
108169,4
107272,1
108555,3
108426,3
100864,2
106649,1
104003,1
103902,3
105792,4
104296,3
105185,3
100733,2
103911,3
109300,3
106144,3
107616,3
107811,2
109390,1
102446,4
103154,4
103737,4
101048,4
106189,4
108736,2
108407,2
109785,3
105423,2
104821,2
108427,2
104645,4
108805,3
109664,3
103926,4
107783,1
108284,1
108319,2
103967,1
108570,1
109344,2
107700,4
107935,1
107325,2
107029,1
109133,1
102347,3
100018,1
105996,2
101716,1
101353,1
102046,1
101431,3
100952,3
102937,3
105334,1
104736,4
107143,3
100595,2
101755,3
109249,1
104389,4
102157,3
107248,4
106740,4
105187,1
107139,1
105710,4
105301,3
100151,2
104418,3
105400,1
107459,2
103227,2
100626,1
103582,4
108697,1
104156,3
106641,3
108388,2
104404,1
103874,1
107738,4
104124,2
106608,4
104182,3
102893,3
100264,1
105714,4
107344,4
105244,4
103716,1
105193,3
100674,2
100148,2
101858,3
107290,1
109484,4
105582,2
108235,3
108992,3
102011,3
101392,2
106942,2
102540,2
107171,1
106177,1
108135,3
109941,4
103514,2
108207,1
108689,3
107000,2
108751,1
109991,3
106182,2
108333,3
108774,1
104975,4
106548,1
103713,2
109524,3
105184,3
101144,2
108316,3
104868,2
107358,4
106941,2
105947,2
109250,3
109963,1
108329,4
108982,2
103265,2
104498,1
100114,3
108345,2
101833,3
108151,1
105355,4
108586,4
104739,4
102126,1
101211,1
109511,2
107742,3
103658,2
107611,3
100818,2
104370,1
100554,1
103931,2
104458,4
109788,4
106461,3
104375,3
100408,3
106527,1
108987,3
101190,3
108177,4
107236,3
106894,1
103521,3
109153,1
105449,3
105715,3
109103,2
102379,4
101022,1
105460,4
107513,2
108666,4
105467,4
106298,1
108149,2
108824,3
100591,3
104108,4
103784,2
104813,2
105593,2
104824,3
101726,1
106555,4
103277,2
109651,2
104390,4
107456,4
104548,1
105574,1
103014,4
109201,1
101089,2
108778,4
105336,1
106616,1
108242,3
109698,2
107692,2
104773,2
107439,4
108008,2
104710,4
105652,1
102545,4
106819,3
101009,4
103996,1
107012,1
105691,2
108823,4
106780,4
105612,4
102337,4
109749,3
109383,2
103733,3
109222,4
108948,4
109112,2
102613,4
104025,2
108336,1
101859,4
104104,3
102272,2
109338,3
105613,3
101615,4
105571,2
103596,2
108234,4
109645,4
101185,2
100015,2
109409,2
101640,1
109156,2
106344,3
109385,3
107665,3
107091,1
101008,4
105567,1
105608,4
106210,3
100159,3
107112,3
101882,1
101529,4
100996,3
109953,4
109936,1
107572,2
101739,4
108944,1
103807,4
107707,2
104173,1
102886,4
102448,2
105250,1
105215,3
109622,3
109557,1
104918,1
106474,4
109945,2
101889,3
106697,3
100412,2
102382,2
107239,1
101213,1
108309,3
103614,4
103486,2
104598,3
109204,2
100828,4
107490,2
105395,3
109832,4
103698,1
105502,3
100039,4
101992,2
101573,4
102829,1
102428,1
102996,1
101410,4
104594,1
108539,3
104183,4
100072,4
104655,1
107395,3
108176,1
102597,4
101579,1
102091,4
104696,4
105320,4
105575,3
106730,1
106702,3
102266,1
107697,2
104126,1
100973,1
101843,1
108379,4
109061,4
108664,1
107962,1
106263,4
104976,2
103017,4
105114,2
100819,3
109600,4
105446,2
105370,3
101914,1
105087,3
107996,4
105160,4
107945,1
101972,4
104800,1
109805,1
108042,2
106355,1
106799,3
104067,2
103641,4
104383,2
100880,2
101707,4
102489,3
106857,1
105293,2
101939,3
103534,3
105538,3
104313,1
104903,3
108303,4
105541,4
109866,3
101954,1
100262,4
100994,1
108853,3
106297,4
101233,1
102303,1
105978,4
106965,2
101473,2
106860,4
102742,1
102067,1
108935,4
106272,3
109108,2
101597,1
108356,3
107881,1
102803,4
108432,1
100602,3
109755,1
109586,4
101434,2
104929,2
109947,1
108271,3
102405,3
106948,3
105241,3
104980,2
101504,3
100158,4
107075,2
109096,3
105132,3
106709,1
108005,4
109985,4
108311,4
101997,4
106211,4
104770,2
106148,3
102270,4
106754,4
109446,3
109642,2
103887,3
102662,3
107585,3
100794,4
102352,3
109179,1
102763,2
103100,2
108187,3
107938,4
106062,3
102319,2
103501,3
107030,1
103373,2
104576,3
104363,1
108068,1
108010,3
105696,3
105808,2
108308,4
101059,3
101860,1
109905,2
107927,3
102800,2
106886,4
108144,1
109047,4
108627,1
106924,1
104167,4
109638,2
109121,4
107855,4
101355,4
102026,3
104704,2
106926,3
104142,2
107635,1
100172,1
109878,4
101390,4
100083,3
109015,1
102864,4
109551,3
108672,1
103578,2
102537,3
109132,3
107397,4
108964,2
100755,4
104148,3
102868,2
108776,3
107827,1
104635,1
108201,4
102366,3
101840,2
104174,3
100084,3
103143,1
100163,4
109170,2
102529,1
108103,1
101108,2
100224,2
100800,2
101593,1
109088,4
105984,4
106771,4
108978,4
101645,3
105192,1
100620,4
108398,2
107259,3
101440,2
102007,1
106374,2
106912,3
109719,3
102559,4
107626,1
109854,4
101374,3
103999,1
105142,4
109995,3
109795,3
100531,4
102507,3
103657,1
109219,3
107390,4
107162,4
104825,3
108936,3
107845,4
102512,3
108900,1
107062,1
107100,2
106141,2
102776,3
109343,4
103184,1
100709,1
103275,3
106071,3
107643,1
103861,4
106333,4
108909,1
106108,1
109128,3
106169,3
105309,4
104804,1
109189,2
100512,2
101729,4
102672,2
107206,4
102506,3
102208,3
101104,4
103884,2
106666,4
104346,2
101756,1
103562,3
103819,4
102232,2
101459,3
105023,3
101606,2
105094,3
102209,2
106113,3
109605,1
100370,4
108754,4
103553,3
108723,3
106971,2
105861,2
106883,1
104145,4
104585,3
101010,1
102817,2
101012,1
105754,3
100927,2
100676,4
105604,1
108477,1
103640,1
103943,1
101706,1
100852,4
104071,1
108026,3
108702,2
103082,3
107849,1
102511,4
101215,4
101332,4
101293,3
109676,2
107148,3
106653,4
102349,4
109000,4
105097,3
109959,1
101406,1
103908,3
105900,2
106205,4
101855,4
102029,4
101577,2
100498,3
102184,1
108438,4
107135,2
103905,3
104484,3
108464,4
108094,4
103980,3
101417,2
100672,3
103697,2
100881,4
106032,3
107706,3
105247,1
105845,2
109375,2
106811,4
104030,1
100287,3
100341,1
100528,1
103365,3
106494,4
102277,2
109371,1
103719,3
105863,3
108087,1
100677,4
109875,3
103752,4
103330,1
103253,1
106014,4
108777,3
103170,1
107818,1
107014,2
107330,1
102897,1
105558,2
109614,3
108832,1
100101,2
102127,2
108157,4
103590,1
109713,3
100285,2
103568,2
109176,2
105770,3
104151,2
105171,1
106473,1
105213,2
106164,4
105564,2
109202,3
102579,1
105556,3
109497,2
108822,3
100965,3
107741,2
102233,1
106442,1
108405,3
102123,3
100105,4
109736,2
103838,4
103232,2
105674,4
105676,3
108095,3
102580,3
100964,3
107209,4
100463,3
104638,1
109780,3
108233,1
109588,4
102723,1
109855,4
109489,2
101766,2
105276,4
107317,3
107979,2
108846,3
104791,3
102153,3
105155,3
103162,3
108545,3
105014,1
103814,3
109322,3
102949,3
102472,3
100047,4
106569,4
104581,2
109960,4
107111,1
108273,3
108166,3
107258,2
104878,4
109716,4
101468,4
104737,3
109456,4
108458,3
104112,2
100519,2
100566,4
106961,3
102336,4
107213,2
102781,4
104860,3
108289,2
103764,1
105653,4
107525,2
106945,4
101787,1
105939,4
106233,1
106829,1
103573,2
100392,2
103619,1
101077,3
106495,2
107920,4
102780,1
100942,3
100693,3
101634,4
104849,4
109979,3
104099,3
104492,2
102547,4
103156,1
103818,3
103320,2
104054,1
105037,2
109109,4
104783,4
107771,2
102905,2
101432,4
103206,1
104031,3
109248,1
100069,4
104403,2
102741,2
102487,4
106837,3
106067,4
104567,4
109080,4
105795,4
100647,2
105191,1
100205,2
107926,2
100625,1
105463,1
107550,3
105744,3
109087,4
103401,4
103400,3
107187,2
106353,1
103520,3
101968,3
102957,3
104728,2
103319,4
100073,3
100922,3
107760,2
100376,4
104095,2
109911,3
104956,1
105098,2
106140,4
108237,4
107164,4
107184,3
100271,4
101020,1
106985,3
108292,1
104486,2
107896,4
104155,2
109010,1
103866,2
106126,4
108104,2
107025,1
101207,1
103766,1
107286,2
102257,2
102417,4
100088,2
102339,4
107107,3
104015,4
107194,2
103956,4
101934,4
100426,3
105905,4
103985,3
107924,3
102924,2
107007,1
104706,1
101460,4
103280,3
103129,4
104992,1
101845,1
103134,4
108448,1
106151,4
107830,4
108057,1
108707,1
108858,2
103938,2
101062,3
100363,1
101549,3
100764,3
108225,3
102928,4
105464,1
107142,2
105319,2
102081,1
101272,4
108620,4
108290,1
106084,4
104260,4
104963,2
104632,3
100829,1
100544,4
105798,1
108759,2
106631,4
106633,2
109502,2
103270,3
101155,1
106684,2
108334,3
107573,3
100520,3
108589,4
102596,3
100684,3
106589,4
104708,2
104619,4
101141,4
108105,1
100685,3
100356,2
105631,3
102188,3
107740,2
108091,1
106291,4
100522,4
100115,1
107866,4
103564,4
103606,2
106902,1
101924,3
101314,3
105307,2
104241,3
105470,2
104876,4
105525,2
104168,4
100940,4
103240,4
106302,1
108921,1
106053,1
104169,4
109908,2
101035,1
108180,2
105332,2
105201,2
100278,3
103051,1
106830,4
109697,2
105783,4
104802,3
101525,2
104637,2
103611,3
106979,2
109200,4
104068,2
108323,1
104623,1
101274,3
100484,2
103835,3
103783,2
105879,1
103459,4
103158,2
109521,2
101650,1
107369,4
108919,2
104583,3
105614,4
105927,1
102207,3
101400,1
107331,2
107543,3
103580,1
109628,2
102734,1
100748,4
107372,4
105486,2
104355,4
108911,2
102109,2
107586,2
103487,1
109388,2
103272,2
102408,1
105473,1
105258,3
101559,3
105275,4
101746,3
105553,2
104520,1
103824,2
101229,4
105109,2
102541,2
105351,3
105588,3
104626,3
108355,1
106864,1
108244,2
103712,4
109957,3
107889,2
103939,4
100704,4
105466,3
109251,1
102247,1
103914,3
100971,2
105435,2
108037,3
104050,4
104448,4
104439,1
103081,4
109372,4
100292,4
104078,1
104103,4
105554,1
104979,3
102578,1
101637,4
102775,3
107046,4
100701,3
109009,4
104556,2
105100,1
105646,2
102087,4
106566,4
104317,3
109498,2
106932,4
100769,4
103912,1
101672,2
107168,1
104314,3
101689,4
101043,1
103537,2
106167,4
104801,1
104203,2
104512,1
102685,2
109627,1
108745,4
105565,4
101712,4
109358,4
101168,3
100097,2
108211,2
102548,2
107281,3
101699,1
107589,3
108640,2
101715,2
106236,4
100917,1
108029,2
105931,1
100043,1
101974,3
105731,2
102434,3
103984,2
102655,3
100386,1
101112,3
101989,2
101763,4
105243,2
100675,2
103567,2
107340,3
101533,4
102054,3
109253,4
109525,1
106352,1
105642,3
101772,2
103691,4
101876,3
103468,4
103692,3
100990,1
107244,3
103741,2
101704,1
102908,1
106872,4
105639,2
107032,1
105902,2
109781,2
102146,3
102051,4
100691,2
100855,2
102963,3
101060,2
106996,1
108348,3
101160,2
106088,4
100879,1
106021,3
104457,3
105682,4
101975,2
101654,4
106086,1
109555,4
103176,4
101752,3
107712,3
105222,2
108913,2
100859,3
105421,3
108803,1
104240,2
108085,4
101289,4
109739,2
109173,4
100504,4
101082,4
103823,4
106051,2
102826,3
107970,4
109787,1
103761,1
108399,4
108928,4
103816,4
108639,2
109894,2
100457,2
108536,2
101491,3
105633,1
102437,1
100328,1
101781,1
100525,2
102174,4
103244,1
103204,2
102121,1
100380,3
101409,1
103753,4
104380,2
109350,2
108086,1
105960,2
101413,4
102064,4
109242,3
106301,2
103549,4
103989,2
101181,2
108549,3
100804,1
102794,3
107501,2
102062,2
101286,3
106401,3
101456,4
101033,2
109504,1
103749,3
108443,4
101368,3
103067,3
106383,1
109439,2
108525,3
107264,4
109209,4
109693,3
107947,2
100686,3
105827,4
100023,2
105311,2
101788,1
100992,2
103583,3
101080,2
102367,4
106803,2
102887,1
100569,2
101296,1
106180,4
108894,1
104820,3
100446,1
100131,1
106155,4
102429,3
106773,3
100632,4
108893,1
103777,2
102936,2
108083,4
108552,3
102140,1
107314,3
105129,3
107520,4
100019,3
108925,3
108854,4
101764,1
106350,1
106016,3
103825,1
108327,1
108763,3
104396,1
100245,4
100831,3
107961,3
106609,2
103137,3
101870,2
101367,1
100342,3
101913,2
109522,2
109100,2
100845,2
105036,2
101985,3
108884,4
107508,2
104327,2
101030,3
103005,2
102025,1
102477,2
104429,1
102961,4
103412,4
103369,4
106436,1
104501,2
103164,2
108089,1
107897,1
109118,2
106664,2
102870,2
107477,1
102590,2
108331,4
101278,2
108474,2
103169,2
103643,4
104658,1
104193,1
106011,4
100889,1
109774,3
107675,2
107223,1
106143,3
105807,4
100987,3
109982,2
107565,2
100419,3
105725,4
108656,3
100547,4
105769,3
101005,2
102755,2
103613,3
100481,3
100496,4
102398,1
102699,3
102373,4
100362,4
109270,3
100416,3
102602,4
107751,2
100601,2
101176,1
101779,3
106599,4
106925,2
109566,1
102652,2
104827,2
107043,2
106371,1
108079,3
106518,3
104491,4
104437,3
100604,1
108486,3
100004,1
105066,4
105975,1
105899,1
108076,4
105167,2
104880,1
102773,4
106698,1
107201,3
100681,2
104019,2
109374,3
109485,3
102048,3
101228,2
108200,2
104550,4
105386,4
102255,3
104875,4
103544,1
106726,3
109653,1
103052,1
105265,2
106220,3
104347,2
108923,2
107313,4
105864,4
104671,1
103057,1
101386,3
103443,3
100098,4
106349,4
104409,4
107018,4
103634,4
106547,2
105820,1
101446,1
103467,2
106853,3
108383,4
104186,2
107173,4
104660,1
102380,4
100933,4
102667,2
101570,4
100466,1
108231,1
107883,1
105148,2
108090,2
100713,2
105172,1
105727,2
108205,4
105457,1
109727,2
106192,1
107367,4
108863,2
108386,4
104717,2
106947,3
103527,2
100377,4
103469,4
104114,3
108161,4
104730,3
106440,2
100524,2
104184,2
100539,3
103711,4
105144,4
100963,4
102872,3
109987,1
108472,1
100680,1
101138,1
102795,4
108600,4
109548,3
101890,3
101485,4
109731,2
100237,3
104729,4
100995,4
107475,1
107835,4
107044,2
108189,3
105255,1
103788,1
104397,1
107583,1
107124,1
100607,2
103301,4
102295,2
108848,4
103038,4
109718,2
107946,2
102610,4
104406,3
101071,4
106635,3
105738,2
100340,4
109336,4
100330,1
104650,1
100233,4
107995,3
102017,4
104275,3
106208,3
104018,2
107441,2
108163,1
101906,3
108173,2
101601,4
107437,2
107079,3
104143,2
101029,4
108250,4
108133,3
107463,1
100588,3
109756,1
107341,4
103059,2
102538,2
101592,3
109187,2
106357,3
108646,4
100526,3
105967,1
105509,4
103128,3
109758,4
101651,2
103705,3
108165,2
108142,2
103207,1
107619,3
100610,3
102019,2
108977,1
105120,1
101403,1
104038,2
108624,4
105797,4
103969,4
107716,4
106191,4
102084,1
109743,4
103386,1
101700,3
103187,3
109441,1
109838,4
101813,3
101152,3
107316,4
101846,3
100431,1
105945,2
106915,1
106667,1
104774,3
100725,2
105059,2
109114,1
103252,3
105378,2
104759,3
107902,2
100860,3
104954,1
108985,3
100099,3
108698,3
100093,3
109679,3
101568,4
106712,1
103575,2
102224,2
104839,1
102705,1
109180,3
102534,1
101519,3
108879,4
109933,3
108232,3
106750,3
104373,1
109569,4
101245,1
101566,4
105490,2
108889,2
100559,2
100718,3
102285,2
109994,2
102708,4
109656,3
101868,3
107959,3
101273,4
102330,1
109705,4
100631,2
108568,4
102519,3
102418,2
102478,3
104049,4
109055,3
105647,3
103519,3
104000,3
105999,2
109267,3
100649,2
109618,1
104076,2
104715,4
105448,2
106956,2
109124,4
106735,1
106409,1
107294,3
105928,4
106654,2
105859,3
100589,3
104904,4
108153,2
100374,3
106987,3
103186,4
100194,4
109102,3
106802,3
104250,2
101140,1
107578,1
108784,3
106408,4
106717,1
100129,1
104811,1
106869,4
109208,2
107050,2
103951,3
107177,1
107156,3
104216,2
101524,2
106204,2
107295,3
100797,2
100460,4
104900,1
109130,1
109565,1
108491,3
104384,3
103408,1
104794,1
102122,4
109883,4
101477,4
109775,1
106660,1
108118,1
103891,1
100609,2
106502,1
109299,4
100951,1
106218,3
103529,4
105767,2
104624,1
109510,3
101523,4
100619,1
101038,1
104267,1
106125,4
108692,3
106498,1
106877,3
109192,2
108572,4
100878,2
109020,3
107122,4
103044,2
105578,2
108116,3
107789,4
109673,2
108785,4
107047,4
101014,1
104745,3
104652,1
100646,1
108629,2
103405,4
101949,3
109839,3
107081,3
104865,3
108012,1
104672,2
107267,1
108479,2
107092,2
107754,3
106317,1
104508,2
103785,4
108905,2
106615,3
107726,1
102555,2
106221,4
108694,1
105693,1
100283,2
108457,4
101195,2
103509,3
103050,3
105197,4
102516,3
100258,3
102632,2
103359,2
101158,4
108229,3
103731,4
107492,4
106870,2
106278,4
107519,1
101548,2
106489,1
105113,1
108580,1
108054,1
100369,4
104740,2
106604,1
100139,4
106592,3
100108,2
104424,1
103878,3
107843,1
105498,4
100899,4
108596,3
103844,4
102245,2
104905,4
108590,4
102098,2
109860,1
102160,2
108972,4
101191,2
109404,3
104831,4
102475,1
108812,3
101280,2
108748,4
106951,4
106323,3
109460,2
104017,3
108839,3
106193,2
109599,4
101648,3
104561,3
104309,1
105841,1
102281,3
102783,2
104290,4
104748,2
109312,4
106186,3
103025,2
100405,1
101182,3
107745,3
108517,2
100883,3
102436,2
105405,3
101241,3
102857,1
109418,3
108980,4
106372,2
102517,2
100444,3
105164,4
107165,4
108343,3
102205,2
109680,1
107737,1
107106,1
101635,2
109483,2
104892,4
105937,1
101923,2
105078,2
108122,3
104358,1
107657,2
100514,4
105062,1
109702,1
104913,4
105019,3
101351,1
102901,4
101702,4
101498,3
101162,1
106258,3
103144,3
107170,1
106638,1
109549,2
104746,4
100696,4
109547,3
101203,1
105818,3
107473,4
108829,1
109553,2
104399,4
109500,1
105557,2
104639,3
108543,4
105974,1
106507,4
105865,4
107494,4
109859,3
107193,2
100885,3
109744,1
107035,4
106139,1
101116,1
109481,2
108715,3
106734,2
109046,1
106330,2
105312,4
102974,3
107515,3
108136,4
101244,2
103103,4
109927,3
104371,2
106121,4
101585,4
102945,1
102830,4
101543,2
106368,2
101737,4
100144,1
102801,2
100866,3
106642,4
108063,3
105499,3
104887,4
103571,4
105898,1
100655,4
109900,3
106397,4
107649,2
107293,1
103518,4
102151,4
103035,4
104234,3
101861,1
107841,2
108652,1
100358,1
100950,2
100081,2
107725,1
107853,4
103292,2
106038,4
108288,3
103547,2
102606,1
103465,3
105812,1
104500,1
109478,2
103357,1
107891,4
105200,3
109144,3
106147,4
108742,1
107581,3
109136,3
102240,1
102600,1
101360,4
100014,2
103515,1
103587,1
105072,3
108503,1
104899,2
109162,3
100031,4
101486,3
101259,2
106562,2
105085,4
109873,3
102777,1
100796,2
106046,2
102499,3
108504,4
106901,3
108852,4
102677,3
102953,2
105828,2
105607,4
104485,1
109328,4
108204,1
106672,2
106732,1
109309,2
104664,3
106304,3
107292,1
109329,1
102058,2
105825,2
108981,4
105851,3
101959,3
106063,1
106000,2
103722,4
101671,1
108990,4
109036,1
107609,3
100005,1
100596,4
106613,4
101493,2
106798,4
102882,1
105229,2
108557,1
105057,3
102802,4
105271,3
109537,4
106172,2
104853,1
108877,1
108509,3
104408,3
107871,4
103432,2
104526,3
102220,4
107964,2
104761,3
101132,1
106307,1
102615,1
106040,2
103669,3
103803,1
109770,3
106733,4
103829,1
100268,4
109536,2
106097,1
105273,2
104648,3
108636,1
104136,4
106657,1
107215,3
100352,4
108027,1
104817,4
101340,1
107418,4
101639,2
104754,2
101686,3
107009,3
101984,3
107948,1
107815,2
109678,3
100941,4
101513,3
107448,2
107531,2
107915,3
100490,4
106546,4
103063,2
107769,1
107440,2
109912,1
109835,1
106326,1
108915,1
108168,1
105536,4
109564,4
105480,4
101115,3
109624,3
103159,3
108305,2
105159,4
106743,2
101589,1
102099,2
104214,2
107686,4
106559,3
100349,4
100643,4
108040,3
103177,4
106391,4
107374,4
109684,1
107077,2
100462,3
106294,2
108655,3
108314,2
106217,1
107698,3
101530,4
103058,3
100972,1
103086,2
104221,3
100648,4
100479,4
104139,4
104278,1
100411,1
102978,1
108392,3
101221,2
106083,3
109175,2
107699,4
100905,4
105233,3
107617,4
106499,1
108771,2
104331,2
100094,4
109699,4
105198,4
104320,2
104321,3
108569,2
104507,4
103528,4
105211,2
103992,2
102583,2
105720,1
106560,1
107265,1
101790,3
108835,1
106731,2
104101,3
106913,3
100669,2
109577,4
104040,1
102234,1
104640,1
103326,4
108437,1
109830,3
104178,2
103760,2
107940,4
101046,1
108953,4
102861,1
101509,3
102329,1
109152,4
100062,1
101346,2
109082,2
107981,3
101218,2
109073,2
100186,2
101807,1
101862,1
101282,1
103923,4
101223,2
100441,1
101925,3
107877,3
102799,2
106972,4
100982,2
108123,3
109143,1
109425,4
107637,4
100843,2
105526,3
104996,4
103117,4
106366,2
105800,3
104515,4
107071,2
104720,3
102612,3
106506,1
104613,3
104784,1
107338,1
109149,3
103723,1
102320,4
108406,3
109464,4
109400,3
108926,2
101926,2
106789,4
106623,1
100336,1
101552,4
104968,2
109530,3
102008,1
108670,1
105580,4
103927,1
102907,2
107099,3
107263,4
108619,3
103161,2
103417,2
102402,2
102006,2
100231,3
101796,3
107424,2
101339,3
105790,4
105152,2
105015,4
109849,4
103258,4
101219,3
102736,2
103768,3
104272,1
102972,2
101662,4
106110,1
108056,2
109663,1
105427,4
103979,2
102321,3
101262,4
100256,1
102411,1
107509,3
106445,4
103307,2
103466,1
103347,4
106939,1
106963,4
100134,2
103734,3
104337,3
101184,2
103043,2
100653,2
102866,3
105664,4
106042,4
105092,4
105071,1
102021,4
108842,2
103149,3
109092,2
104511,4
101594,3
106015,1
107049,1
106274,4
105969,4
109708,4
100959,3
105383,2
103042,4
106842,1
101086,1
100229,4
106770,1
102595,1
106213,1
104965,3
109574,1
103141,3
104223,4
107651,2
105857,1
108148,1
103463,4
101765,1
103540,1
102787,2
106844,2
104435,3
101321,2
105982,1
103196,3
108485,2
101942,3
100275,1
108016,2
102246,3
105046,4
104778,3
105623,4
109712,1
100939,4
101051,1
107068,4
102202,3
107133,2
101895,1
102568,1
105987,2
105618,1
107387,1
107890,4
107094,2
108790,3
109496,3
100494,3
108593,4
108346,1
101626,4
103561,1
108117,1
104881,1
100301,2
102216,3
102210,3
108328,2
108414,1
102261,2
109376,1
109342,2
109999,3
104033,1
102480,1
107108,2
109968,2
100594,2
107357,4
107360,3
106364,2
100277,4
100483,4
104793,3
105517,2
102784,4
108045,4
104844,4
108520,1
109402,1
108859,4
108259,3
102976,2
107732,2
109772,1
109287,1
101377,2
106909,1
109561,1
105929,4
107495,1
105377,2
104564,2
103523,4
109454,2
100553,2
103833,4
102614,4
102102,1
109099,2
105260,3
105750,1
106509,2
101370,3
102359,1
101801,3
106815,1
101481,1
105648,4
100351,2
108881,1
101258,3
102497,2
108129,2
103325,2
108870,2
109646,4
106201,3
100364,1
104643,2
101806,1
100993,4
101824,1
102650,2
105402,4
102454,2
106488,3
106005,2
108394,2
100314,1
109990,4
105924,4
108418,2
104572,3
105926,4
107521,2
104332,3
101042,1
103390,3
108130,1
102060,2
108363,3
109184,4
102294,3
104195,4
102970,3
100247,2
109226,4
100110,2
107072,2
105488,2
105130,1
109231,3
100042,1
104898,1
107989,4
104091,3
108727,3
104814,4
103767,2
106338,3
101837,2
108773,3
101832,2
101698,4
103715,2
101595,1
107749,3
103655,2
106946,1
101226,3
101329,2
102703,1
102993,2
109823,3
104334,4
106403,4
102661,4
105136,1
108733,1
107588,3
104381,2
101016,4
109881,3
100590,3
102316,2
107869,2
108061,1
105826,3
102552,2
107429,2
107786,2
107667,4
105375,2
102307,1
107224,3
104667,4
104279,1
103353,3
109068,4
105227,3
108840,3
103105,2
100546,2
103770,3
107428,1
107086,4
108186,2
105451,3
106142,2
101188,2
107096,4
106400,4
106723,3
106911,4
102433,3
107237,2
106742,2
105146,3
102584,4
102089,4
108396,4
102504,1
100857,2
102930,1
104001,3
109891,4
103281,1
105162,4
102923,1
105599,2
106522,2
100493,3
105194,1
105221,1
108459,3
106528,2
109981,4
104196,2
100124,2
101719,4
101323,2
109367,1
102593,3
102066,3
100848,3
108247,1
108425,3
103286,1
109797,1
105611,1
101288,2
106701,3
100361,4
104838,2
107282,2
105349,4
109542,4
106792,2
102438,4
104807,3
108617,3
102518,4
105048,4
102120,4
103940,1
103558,1
107596,3
108318,1
106259,1
108371,2
106483,1
104530,1
106880,4
101083,3
100924,4
108738,2
108279,4
106995,1
107320,3
101384,4
103001,2
108246,3
105257,1
104937,2
107354,1
103588,2
106937,1
101896,4
101366,3
106388,1
108049,4
106596,2
101970,1
102059,2
105266,3
101172,4
104779,1
101668,3
105849,2
105809,1
103193,3
104764,2
108786,1
107704,4
104517,3
103987,3
107875,3
107800,2
106957,1
101744,2
109111,2
103892,3
100536,3
106550,1
100174,2
100946,2
106989,2
107664,2
106173,4
108239,1
108979,3
100835,2
107226,1
108563,2
103223,1
108680,3
102570,1
106188,3
103686,1
108942,1
106235,1
101251,4
107992,3
109408,2
107141,4
102073,4
100651,2
102269,2
104116,1
100339,1
102335,3
104662,2
108321,2
106423,1
108845,4
109720,2
106914,1
109347,2
100533,2
107450,3
101307,4
100761,1
106933,2
105609,2
109513,4
102656,1
100756,4
107419,4
103915,4
108577,2
107562,3
104633,1
106626,2
105907,2
107310,4
109606,1
107093,4
103556,3
108422,1
107172,2
106794,3
102769,2
108084,4
103559,2
103356,2
107247,3
107128,2
101815,4
100708,3
100198,1
100092,3
102904,4
108764,3
105139,2
109233,4
109695,4
104077,4
109407,3
105246,2
107308,3
105940,4
101436,3
101312,3
103208,1
105282,4
104554,3
101388,2
106043,2
106174,3
101114,3
102045,1
107323,3
101266,1
106556,1
103859,3
102679,1
108025,4
105111,2
105979,4
103215,2
103422,3
107847,3
102918,1
100296,2
104362,3
103625,3
106487,2
101301,1
108140,2
107516,1
105007,3
103680,1
103647,2
102694,4
103409,2
108413,1
105107,4
102341,4
109291,4
105963,1
104873,4
101214,1
100908,1
103249,4
104212,4
101588,3
102724,2
108080,1
107879,1
108071,1
105746,2
100029,1
108588,1
104357,3
107729,3
109760,1
101449,2
107994,1
100548,3
103536,1
105396,2
100066,3
103192,3
102573,3
107668,2
107144,1
100274,1
101703,4
104993,1
108634,3
105177,4
109741,2
102023,1
107229,4
105600,4
101000,4
103848,3
100511,4
100132,4
102726,3
102852,1
105430,2
108375,3
104140,4
105966,1
108530,2
102159,1
104312,3
107753,4
106328,3
102574,1
105752,1
107822,1
104991,3
104509,4
100690,3
101488,3
102456,2
102093,3
105491,3
101605,3
109807,4
101646,2
105871,2
105021,2
105893,4
105594,2
102286,4
104014,1
107819,4
109810,1
108757,2
106998,1
108818,4
109457,4
105232,4
103322,2
107661,2
103426,1
100368,3
104367,3
106249,1
103203,4
100834,3
102289,1
103602,3
101032,1
103445,3
101281,2
109747,4
103032,2
109240,1
105692,4
103274,1
106994,3
106739,3
105456,3
101482,4
107417,4
104032,1
102198,2
104036,3
108455,3
106411,2
102939,3
109351,4
103791,1
104258,3
109398,1
109812,2
101467,3
107410,3
105039,4
104303,3
103795,1
106737,1
108802,4
105214,1
109546,4
107270,1
105622,1
105359,3
105759,3
108505,2
104641,2
104100,3
106849,1
107333,3
107660,2
107944,3
107291,3
106505,4
105504,1
100740,1
107140,4
104311,1
100773,1
103920,3
101808,2
105291,3
108053,2
102493,1
106269,1
104852,1
108608,1
105539,1
100759,2
102077,4
108789,3
102134,1
102238,4
101909,2
107859,4
108861,2
107214,3
109541,1
101372,3
109205,4
101391,3
100424,1
104057,4
103699,1
102155,3
107159,4
105264,3
106882,2
103123,1
100937,1
100706,3
105555,4
104580,2
101786,1
109059,1
100468,1
108983,1
101869,2
102867,2
109151,2
103441,3
100730,3
106981,2
100433,4
101121,1
108378,3
106296,2
104889,4
103393,2
103885,4
109259,2
102533,4
109177,1
103171,2
100077,1
108280,1
101040,3
101100,1
107465,1
105736,4
102439,2
103961,2
108768,3
101123,1
105408,1
101142,3
100542,4
107163,4
103179,1
103120,3
104070,3
104388,2
106309,1
101610,2
101708,2
109225,3
101563,4
104753,2
103895,2
100538,2
109692,3
101625,4
105444,3
103211,1
109892,2
107779,2
102850,4
100284,2
109148,4
104534,1
109269,3
101227,2
108019,1
106073,4
108439,1
105356,1
100348,4
101848,1
104488,2
100117,3
109195,1
100467,2
104851,4
107622,3
104540,1
105494,1
109494,3
103102,2
107536,4
109560,4
107954,3
100422,2
100816,4
106865,3
106982,2
101894,1
104832,4
109943,1
105431,3
101515,3
106270,2
104531,3
104642,1
104094,4
108167,2
102796,3
109556,4
104024,1
109070,3
103656,2
104087,4
102585,3
108183,1
109379,1
107666,4
109230,2
109818,4
101378,1
103370,2
109165,3
107063,2
102095,3
102991,3
102473,3
106146,1
103395,3
109809,4
106066,1
105712,2
105921,4
107797,1
100417,1
102627,1
104431,1
102338,2
102845,1
105346,3
102909,3
102815,3
108296,3
105887,1
102117,3
103066,3
109038,3
106135,4
108898,2
100813,3
109281,4
107040,4
106276,4
108956,4
102862,1
101396,3
104628,3
105983,2
104912,3
102419,3
100731,3
108929,4
107901,3
109540,4
101269,3
104799,3
108238,4
100820,1
101793,2
100475,3
103016,3
104483,3
107918,1
100778,3
105330,4
105816,1
109348,2
105029,3
107240,3
107487,2
103090,3
102706,2
108120,1
109273,3
105709,2
102760,2
106682,3
108758,4
109762,3
108797,4
108134,4
107375,4
103279,3
101967,1
104842,3
102604,4
105225,4
100910,3
103298,4
106627,3
107856,2
106069,1
106293,4
101904,3
105106,3
100839,1
104957,2
102262,4
101338,2
100791,1
100470,1
105084,1
101557,2
109466,3
104969,4
106519,3
107784,1
101252,1
101442,1
100354,4
100008,1
103977,4
100803,1
100584,3
107648,4
104795,4
109669,3
109531,1
104276,1
103317,2
106455,4
107145,4
106949,1
100744,4
108564,4
108360,1
103087,2
100080,3
106603,1
107138,2
103778,2
109125,1
108097,1
100204,2
101537,2
100768,3
100832,2
102825,2
100821,4
109748,4
100613,4
101798,2
104946,3
109163,2
107470,4
108277,1
108591,1
105508,3
104841,4
108693,3
101945,4
105269,2
100334,4
103376,3
100355,4
109197,1
101102,4
109127,3
100173,1
106358,3
106026,1
106748,4
103850,4
104915,1
100934,3
105728,3
101684,3
104714,3
100495,1
103604,3
102675,1
109714,2
109533,4
108467,1
104972,2
105875,3
106643,2
101247,1
104206,1
106797,3
105156,4
105338,2
105441,2
102576,3
106617,1
100319,2
101838,2
105804,3
100896,2
101271,3
101762,4
108147,2
105414,3
102560,1
108711,1
105472,3
109964,2
103397,3
103310,2
107102,1
100203,4
104775,3
109887,3
102898,3
106433,1
101131,2
100211,1
104277,1
107253,3
101243,4
100583,3
103288,3
101633,1
102229,4
102962,4
106437,3
101661,1
105209,2
102311,3
105916,3
103709,2
108886,4
100757,2
102770,1
106219,3
103757,1
102997,3
107832,4
102782,1
105082,3
106612,1
102375,3
108389,4
103021,2
101941,1
104668,4
104661,2
101586,2
105436,4
103933,3
106103,3
107297,4
109031,3
101841,3
106449,1
105303,1
101069,2
109264,2
100921,1
101070,2
100032,2
102643,1
103498,2
101995,2
100863,3
106644,1
109428,2
109508,3
103497,1
106156,1
104242,2
101638,2
109421,2
102243,3
106386,4
105844,1
101015,2
107601,1
102353,1
108109,1
101670,1
105643,1
108720,3
108551,2
105972,3
106823,1
108262,2
101161,1
103664,4
103871,3
104536,3
107353,1
105843,4
109362,3
102810,3
105216,2
108807,4
108226,1
109793,4
108937,2
102386,4
104687,4
102768,1
109629,3
106206,2
105416,3
106460,4
104695,2
109430,4
100562,3
107355,3
109364,4
101933,2
105380,2
100574,1
101665,3
107176,3
102152,2
100267,4
101774,2
105461,2
101652,2
106054,1
105708,2
104744,4
104125,1
103972,2
109806,4
103011,3
101202,1
102967,4
103738,2
109848,3
108043,4
108891,3
105629,3
105766,1
101222,4
105495,4
109998,1
105118,1
106692,3
107652,2
104252,1
106453,1
101268,3
103550,1
103237,4
100232,3
105802,3
100891,2
105049,3
105870,1
102278,4
103305,3
109487,2
107898,2
104414,2
109157,3
109689,3
101423,3
100156,2
107447,4
101742,4
100872,2
102076,2
104118,2
103175,4
102079,3
103367,1
100515,4
102710,4
109065,2
109499,1
109794,1
109266,4
102393,3
104319,4
108973,1
104263,3
106936,1
103879,1
107762,1
100078,3
101433,2
107203,1
100636,1
105169,3
102727,2
105239,1
106953,2
107641,3
102167,1
109021,4
103499,4
109657,3
104460,4
100149,1
107283,2
105180,4
103620,1
109682,3
100188,2
103461,2
102401,4
107623,2
103862,1
106744,3
100179,3
101021,1
108248,2
107594,1
104028,1
100823,1
108750,4
108695,3
105952,4
104227,3
105342,4
101362,2
104074,4
107892,3
108678,1
104480,4
102350,3
102226,4
105909,3
103048,1
103271,1
106477,1
109323,4
101494,3
108952,2
105154,1
108673,3
102103,2
105976,3
105850,3
108320,1
103990,2
100783,3
101582,3
108307,3
102488,1
100119,1
106805,4
103630,2
103147,4
102110,4
102130,2
107478,2
108178,2
109690,2
106322,3
107151,1
100397,2
103703,1
109986,4
108710,2
108216,3
105343,3
106827,2
104587,3
107882,1
101623,4
103072,3
104935,3
109694,3
107434,3
108220,4
105788,4
100324,1
105095,2
104934,3
109393,1
103481,3
104144,1
101847,3
106962,2
104387,2
102634,1
106840,4
101470,4
109386,2
106714,4
107422,3
102569,2
105550,2
105465,2
104249,4
106967,2
107976,2
103781,2
108023,4
104283,4
103627,1
102195,4
101776,1
101775,1
103273,2
106027,3
107332,2
107430,3
103628,2
108623,4
108658,2
109970,3
102714,1
105563,4
108297,3
101621,3
107805,2
106243,3
109954,4
103410,4
109868,3
101910,3
100623,2
104352,2
104608,1
104615,4
103542,1
104701,4
100523,4
108365,4
109074,2
102543,4
101728,1
107347,4
104466,4
102572,4
106195,2
102645,1
103629,2
108369,4
102988,1
104034,4
100502,2
101613,3
100749,2
100050,1
102016,1
101920,1
102637,2
109834,3
105589,1
104891,3
101632,4
100760,1
107192,3
107306,1
107129,2
101688,1
109370,3
108878,2
103607,4
100870,2
107812,1
104941,3
109056,1
100279,4
104988,3
106160,4
103910,2
100633,1
107895,1
100116,2
104117,2
100568,2
106753,4
102806,3
102668,2
105503,4
108741,2
109224,2
106677,3
104654,4
108897,4
105885,2
109193,4
103075,2
107024,4
101412,4
103786,3
106997,2
106476,4
100983,2
106888,3
107678,2
102030,3
103256,1
109334,3
106558,1
104088,1
101034,4
106348,4
107724,2
101497,3
106954,2
101484,2
108408,3
109840,4
107471,1
106832,2
100599,4
107791,4
101096,3
105811,2
100118,3
101891,1
109101,1
103746,3
106166,3
104499,1
103929,4
106471,4
107765,2
102301,1
108648,4
105035,2
102356,4
109842,2
103333,2
105721,3
102199,1
100929,2
101943,2
109146,1
102358,4
108783,1
102885,1
107857,4
109724,4
106202,2
106246,2
106986,4
102558,3
103623,3
105562,1
109861,3
101055,1
107504,3
105419,4
104172,3
100858,1
104612,4
102241,2
105890,2
102462,2
103238,3
106850,4
106790,2
106241,2
106287,2
101205,1
102392,4
100252,2
100510,3
106463,2
106573,4
103944,2
109632,1
103954,1
109962,3
107526,3
100221,3
109368,4
102592,1
102273,4
105747,2
105157,2
109237,4
101145,2
106905,2
105858,4
103966,3
105093,2
107802,3
103448,2
100722,3
104856,3
101439,1
102458,2
101903,1
109567,1
103513,4
108332,2
101531,3
108446,4
109872,1
102125,4
107453,3
105895,4
109611,1
108869,3
105365,4
106023,2
106112,4
103894,1
101538,3
106683,4
105956,4
107778,2
107053,2
106033,2
101982,1
105406,4
106680,3
101574,2
100190,4
101187,2
108241,2
106010,4
100453,4
104721,1
107969,1
100209,2
106678,1
108917,3
102932,1
101852,4
103917,4
102981,1
107621,3
107185,2
105741,1
105717,1
104264,1
104828,4
105598,1
102397,2
104874,4
101146,2
100212,4
105373,1
108650,1
102213,2
103136,4
107931,1
106035,3
109083,1
107506,2
103638,2
109650,3
106966,3
106410,3
107136,2
106847,2
106456,3
104688,2
100343,3
106050,4
105186,1
109784,3
103855,2
100767,4
109272,2
106508,2
106492,2
101117,4
105683,1
104902,2
109582,4
105901,1
101457,2
100276,4
108342,3
105679,1
101518,2
101002,2
101897,4
105477,4
108507,4
108669,2
102002,4
102242,4
102514,2
102147,1
103055,2
107709,1
102014,1
103308,2
102717,2
105832,2
107829,1
105640,1
103224,3
102730,3
108055,2
100572,3
105385,3
103037,2
102463,3
101532,1
102108,4
105002,3
101629,4
101444,2
103845,3
102833,2
105411,4
103543,3
102324,4
107327,3
102588,1
102410,4
104584,4
103504,2
109238,4
100614,2
101379,3
104171,2
103693,1
102124,4
103360,2
108734,1
103644,4
102279,2
100736,1
100989,3
104335,4
103278,2
101375,2
105361,2
100932,4
102013,4
103181,2
108075,1
102550,2
106887,3
106884,2
102469,1
107659,3
101599,4
103109,3
100013,1
